,MIN_x,FGM_x,FGA_x,FG_PCT_x,FG3M_x,FG3A_x,FG3_PCT_x,FTM_x,FTA_x,FT_PCT_x,OREB_x,DREB_x,REB_x,AST_x,STL_x,BLK_x,TOV_x,PF_x,PTS_x,PLUS_MINUS_x,HOME_x,MIN_y,FGM_y,FGA_y,FG_PCT_y,FG3M_y,FG3A_y,FG3_PCT_y,FTM_y,FTA_y,FT_PCT_y,OREB_y,DREB_y,REB_y,AST_y,STL_y,BLK_y,TOV_y,PF_y,PTS_y,PLUS_MINUS_y,MIN,FGM,FGA,FG_PCT,FG3M,FG3A,FG3_PCT,FTM,FTA,FT_PCT,OREB,DREB,REB,AST,STL,BLK,TOV,PF,PTS,PLUS_MINUS,days_rest,rolling_avg,rolling_3pa_avg,min_rolling,rolling_team_fta,rolling_opp_pts,rolling_opp_fga,rolling_team_fga,rolling_fga,rolling_fta,rolling_team_3pa,rolling_team_pts,rolling_team_fg_pct,rolling_stls,TEAM_x_LAC,OPPONENT_x_ATL,OPPONENT_x_BKN,OPPONENT_x_BOS,OPPONENT_x_CHA,OPPONENT_x_CHI,OPPONENT_x_CLE,OPPONENT_x_DAL,OPPONENT_x_DEN,OPPONENT_x_DET,OPPONENT_x_GSW,OPPONENT_x_HOU,OPPONENT_x_IND,OPPONENT_x_LAL,OPPONENT_x_MEM,OPPONENT_x_MIA,OPPONENT_x_MIL,OPPONENT_x_MIN,OPPONENT_x_NOP,OPPONENT_x_NYK,OPPONENT_x_OKC,OPPONENT_x_ORL,OPPONENT_x_PHI,OPPONENT_x_PHX,OPPONENT_x_POR,OPPONENT_x_SAC,OPPONENT_x_SAS,OPPONENT_x_TOR,OPPONENT_x_UTA,OPPONENT_x_WAS,WL_x_L,WL_x_W
0,10,1,4,0.25,0,2,0.0,2,3,0.667,0,0,0,5,0,0,1,0,4,8,True,240,43,96,0.448,10,39,0.256,13,19,0.684,20,24,44,23,9,7,13,17,109,-1,240,41,88,0.466,6,35,0.171,22,25,0.88,14,32,46,26,7,4,18,14,110,1,2.2253521126760565,4.0,2.0,10.0,19.0,110.0,88.0,96.0,4.0,3.0,39.0,109.0,0.448,7.0,True,False,False,False,False,False,False,False,False,False,False,False,False,False,False,False,False,False,False,False,False,False,False,False,False,False,False,False,True,False,True,False
1,26,6,11,0.545,4,8,0.5,6,6,1.0,0,5,5,5,0,0,2,3,22,-20,True,240,41,84,0.488,14,35,0.4,24,24,1.0,11,37,48,26,5,2,16,22,120,2,240,42,88,0.477,11,30,0.367,23,27,0.852,7,29,36,27,10,2,11,16,118,-2,5.0,13.0,5.0,18.0,21.5,114.0,88.0,90.0,7.5,4.5,37.0,114.5,0.46799999999999997,8.5,True,False,False,False,False,False,True,False,False,False,False,False,False,False,False,False,False,False,False,False,False,False,False,False,False,False,False,False,False,False,False,True
2,33,4,10,0.4,2,7,0.286,3,3,1.0,0,10,10,15,0,0,5,1,13,19,True,240,51,91,0.56,13,35,0.371,16,18,0.889,8,43,51,32,9,4,15,22,131,29,240,35,91,0.385,9,30,0.3,23,29,0.793,14,29,43,20,11,4,15,16,102,-29,2.0,13.0,5.666666666666667,23.0,20.333333333333332,110.0,89.0,90.33333333333333,8.333333333333334,4.0,36.333333333333336,120.0,0.49866666666666665,9.333333333333334,True,False,False,False,False,False,False,False,False,False,False,False,False,False,False,False,False,False,False,False,False,False,False,False,False,False,False,False,True,False,False,True
3,38,6,23,0.261,2,13,0.154,6,7,0.857,1,5,6,8,1,0,1,0,20,4,True,240,34,90,0.378,7,33,0.212,27,32,0.844,7,41,48,22,10,2,7,20,102,2,240,36,83,0.434,11,35,0.314,17,25,0.68,6,45,51,27,3,4,14,19,100,-2,1.0,14.75,7.5,26.75,23.25,107.5,87.5,90.25,12.0,4.75,35.5,115.5,0.4685,7.75,True,False,False,False,False,False,False,False,True,False,False,False,False,False,False,False,False,False,False,False,False,False,False,False,False,False,False,False,False,False,False,True
4,31,1,7,0.143,1,5,0.2,3,4,0.75,1,4,5,8,1,0,5,0,6,-13,False,240,31,76,0.408,11,27,0.407,22,27,0.815,9,29,38,18,6,1,16,21,95,-14,240,39,92,0.424,12,42,0.286,19,25,0.76,20,36,56,29,10,6,10,18,109,14,2.0,13.0,7.0,27.6,24.0,107.8,88.4,87.4,11.0,4.6,33.8,111.4,0.45640000000000003,8.2,True,False,False,False,False,False,False,False,False,False,False,False,False,False,False,False,False,False,False,False,False,False,False,False,False,True,False,False,False,False,True,False
5,36,1,3,0.333,1,3,0.333,3,4,0.75,0,6,6,10,1,0,0,0,6,6,False,240,43,75,0.573,14,29,0.483,30,34,0.882,7,34,41,28,4,5,10,16,130,12,240,44,88,0.5,23,52,0.442,7,11,0.636,5,26,31,32,3,2,9,25,118,-12,2.0,13.4,7.2,32.8,27.0,109.4,88.4,83.2,10.8,4.8,31.8,115.6,0.4814,7.4,True,False,False,False,True,False,False,False,False,False,False,False,False,False,False,False,False,False,False,False,False,False,False,False,False,False,False,False,False,False,False,True
6,37,3,12,0.25,1,7,0.143,4,5,0.8,2,6,8,4,4,0,4,1,11,-3,False,240,41,85,0.482,8,24,0.333,10,12,0.833,12,29,41,19,11,4,17,17,100,3,240,38,86,0.442,10,29,0.345,11,15,0.733,13,25,38,20,10,8,17,11,97,-3,2.0,11.2,7.0,35.0,24.6,105.2,88.0,83.4,11.0,4.6,29.6,111.6,0.48019999999999996,7.4,True,False,False,False,False,False,False,False,False,False,False,False,False,False,False,False,False,False,False,False,False,True,False,False,False,False,False,False,False,False,False,True
7,39,6,15,0.4,3,9,0.333,1,2,0.5,0,5,5,14,2,1,1,1,16,1,False,240,40,90,0.444,14,36,0.389,14,20,0.7,11,32,43,28,8,5,8,16,108,1,240,39,82,0.476,13,33,0.394,16,19,0.842,10,41,51,17,3,11,12,18,107,-1,2.0,11.8,7.4,36.2,25.0,106.2,86.2,83.2,12.0,4.4,29.8,107.0,0.457,5.8,True,False,False,False,False,False,False,False,False,False,False,False,False,False,False,False,False,False,False,False,False,False,True,False,False,False,False,False,False,False,False,True
8,34,3,7,0.429,0,1,0.0,5,5,1.0,0,3,3,7,1,0,1,3,11,-24,True,240,46,85,0.541,6,20,0.3,18,22,0.818,11,25,36,26,4,4,10,19,116,-17,240,50,86,0.581,17,28,0.607,16,22,0.727,7,27,34,28,7,3,8,21,133,17,2.0,10.0,5.0,35.4,23.0,112.8,86.8,82.2,8.8,4.0,27.2,109.8,0.4896,6.6,True,False,False,False,False,False,False,False,False,False,False,False,True,False,False,False,False,False,False,False,False,False,False,False,False,False,False,False,False,False,True,False
9,34,5,13,0.385,0,6,0.0,2,2,1.0,1,3,4,14,1,1,2,0,12,-16,True,240,40,83,0.482,10,28,0.357,17,18,0.944,10,27,37,27,2,9,14,11,107,-14,240,48,90,0.533,18,37,0.486,7,9,0.778,12,25,37,32,7,10,8,18,121,14,1.0,11.2,5.2,36.0,21.2,115.2,86.4,83.6,10.0,3.6,27.4,112.2,0.5044000000000001,6.0,True,False,False,False,False,False,False,False,False,False,False,False,False,False,False,False,False,False,False,False,False,False,True,False,False,False,False,False,False,False,True,False
10,36,5,13,0.385,2,9,0.222,3,4,0.75,1,4,5,10,1,1,2,1,15,21,False,240,44,77,0.571,14,33,0.424,23,27,0.852,7,33,40,26,8,8,17,21,125,8,240,45,93,0.484,12,33,0.364,15,25,0.6,15,26,41,29,11,1,10,19,117,-8,2.0,13.0,6.4,36.0,19.8,115.0,87.4,84.0,12.0,3.6,28.2,111.2,0.504,7.6,True,False,False,False,False,False,False,False,False,False,False,False,False,False,False,False,False,False,False,False,False,False,False,False,True,False,False,False,False,False,False,True
11,36,6,11,0.545,5,9,0.556,2,2,1.0,0,4,4,14,0,1,3,1,19,22,False,240,45,86,0.523,13,31,0.419,13,15,0.867,8,34,42,29,15,7,12,13,116,13,240,39,81,0.481,15,34,0.441,10,15,0.667,8,30,38,21,6,4,17,16,103,-13,2.0,14.6,6.8,35.8,20.4,116.2,86.4,84.2,11.8,3.0,29.6,114.4,0.5122000000000001,6.8,True,False,False,False,False,False,False,False,False,False,False,False,False,False,False,False,False,False,False,False,False,False,False,False,True,False,False,False,False,False,False,True
12,36,3,10,0.3,2,5,0.4,1,1,1.0,0,6,6,9,1,1,3,2,9,-15,True,240,28,74,0.378,11,36,0.306,26,29,0.897,10,30,40,17,10,5,16,13,93,-17,240,41,84,0.488,17,34,0.5,11,12,0.917,10,35,45,32,10,7,16,22,110,17,3.0,13.2,6.0,35.2,22.2,116.8,86.8,81.0,10.8,2.8,29.6,111.4,0.499,8.2,True,True,False,False,False,False,False,False,False,False,False,False,False,False,False,False,False,False,False,False,False,False,False,False,False,False,False,False,False,False,True,False
13,34,4,10,0.4,2,6,0.333,2,2,1.0,0,2,2,7,2,0,4,1,12,-15,True,240,34,72,0.472,11,30,0.367,21,25,0.84,8,26,34,22,7,4,18,18,100,-18,240,48,94,0.511,12,33,0.364,10,14,0.714,19,29,48,26,11,6,11,20,118,18,5.0,13.4,7.0,35.2,22.8,113.8,88.4,78.4,11.4,2.2,31.6,108.2,0.4852,9.0,True,False,False,False,False,False,False,False,False,False,False,False,False,False,False,False,False,True,False,False,False,False,False,False,False,False,False,False,False,False,True,False
14,36,5,16,0.313,1,6,0.167,2,2,1.0,3,2,5,11,0,0,5,4,13,-13,True,240,47,104,0.452,14,47,0.298,9,10,0.9,17,35,52,30,3,9,10,23,117,-7,240,43,87,0.494,17,38,0.447,21,27,0.778,7,34,41,28,5,6,7,15,124,7,2.0,13.6,7.0,35.6,21.2,114.4,87.8,82.6,12.0,2.2,35.4,110.2,0.47919999999999996,8.6,True,False,False,False,False,False,False,False,False,False,False,False,False,False,False,False,True,False,False,False,False,False,False,False,False,False,False,False,False,False,True,False
15,34,4,10,0.4,4,10,0.4,2,2,1.0,0,11,11,10,1,0,1,2,14,4,True,240,42,84,0.5,12,35,0.343,16,18,0.889,9,36,45,29,7,6,16,20,112,10,240,37,86,0.43,13,35,0.371,15,19,0.789,12,26,38,27,7,3,12,19,102,-10,1.0,13.4,7.2,35.2,19.4,111.4,86.4,84.0,11.4,1.8,35.8,107.6,0.465,7.8,True,False,False,False,False,True,False,False,False,False,False,False,False,False,False,False,False,False,False,False,False,False,False,False,False,False,False,False,False,False,False,True
16,39,6,13,0.462,1,5,0.2,8,8,1.0,0,5,5,7,1,1,2,2,21,8,False,240,44,80,0.55,12,29,0.414,22,26,0.846,8,33,41,19,5,8,9,17,122,6,240,45,94,0.479,16,37,0.432,10,17,0.588,13,25,38,33,6,2,8,21,116,-6,3.0,13.8,6.4,35.8,21.6,114.0,89.0,82.8,11.8,3.0,35.4,108.8,0.4704,7.8,True,False,False,False,False,False,False,False,False,False,False,True,False,False,False,False,False,False,False,False,False,False,False,False,False,False,False,False,False,False,False,True
17,37,9,16,0.563,5,10,0.5,6,9,0.667,0,4,4,8,0,1,3,2,29,-4,False,240,37,84,0.44,16,40,0.4,16,25,0.64,5,33,38,25,9,3,14,21,106,-7,240,37,78,0.474,15,38,0.395,24,28,0.857,7,39,46,20,8,3,12,20,113,7,2.0,17.8,7.4,36.0,20.8,114.6,87.8,84.8,13.0,4.6,36.2,111.4,0.4828,7.4,True,False,False,False,False,False,False,False,False,False,False,False,False,False,False,False,True,False,False,False,False,False,False,False,False,False,False,False,False,False,True,False
18,34,0,10,0.0,0,6,0.0,4,4,1.0,0,5,5,10,1,2,1,1,4,-10,False,240,32,85,0.376,10,34,0.294,15,17,0.882,7,33,40,17,7,5,9,12,89,1,240,31,80,0.388,9,33,0.273,17,18,0.944,12,42,54,24,4,7,15,14,88,-1,1.0,16.2,7.4,36.0,19.2,108.6,85.0,87.4,13.0,5.0,37.0,109.2,0.4636,6.0,True,False,False,False,False,False,False,False,False,False,False,False,False,False,False,False,False,True,False,False,False,False,False,False,False,False,False,False,False,False,False,True
19,25,9,13,0.692,6,9,0.667,4,4,1.0,1,3,4,8,0,3,3,1,28,19,True,240,54,94,0.574,13,32,0.406,19,25,0.76,9,40,49,32,5,7,9,13,140,25,240,46,98,0.469,12,34,0.353,11,15,0.733,9,30,39,29,5,3,10,17,115,-25,2.0,19.2,8.0,33.8,22.2,106.8,87.2,85.4,12.4,5.4,34.0,113.8,0.488,6.0,True,False,False,False,False,False,False,False,False,False,False,False,False,False,False,False,False,False,False,False,False,False,False,False,False,False,False,False,False,True,False,True
20,40,8,16,0.5,2,9,0.222,5,6,0.833,1,2,3,9,1,0,4,1,23,-12,True,240,45,89,0.506,10,37,0.27,12,16,0.75,9,27,36,29,10,1,14,17,112,-4,240,47,86,0.547,14,36,0.389,8,10,0.8,8,31,39,28,6,5,17,12,116,4,2.0,21.0,7.8,35.0,21.8,109.6,87.2,86.4,13.6,6.2,34.4,113.8,0.48919999999999997,5.8,True,False,False,False,False,False,False,False,False,False,False,False,False,True,False,False,False,False,False,False,False,False,False,False,False,False,False,False,False,False,True,False
21,35,4,13,0.308,2,10,0.2,10,10,1.0,0,5,5,8,0,0,3,3,20,-25,True,240,40,82,0.488,8,27,0.296,19,20,0.95,10,29,39,23,7,2,16,14,107,-16,240,45,91,0.495,15,37,0.405,18,22,0.818,14,27,41,29,10,1,10,15,123,16,3.0,20.8,8.8,34.2,20.6,111.0,86.6,86.8,13.6,6.6,34.0,110.8,0.4768,6.6,True,False,False,False,False,False,False,False,False,False,False,False,False,False,False,False,False,False,False,False,False,False,False,False,False,True,False,False,False,False,True,False
22,39,1,8,0.125,1,4,0.25,6,7,0.857,1,7,8,8,0,1,4,0,9,3,False,240,37,84,0.44,12,32,0.375,15,17,0.882,14,37,51,20,7,2,21,20,101,6,240,38,91,0.418,8,35,0.229,11,16,0.688,14,27,41,26,12,3,13,17,95,-6,2.0,16.8,7.6,34.6,19.0,107.4,89.2,86.8,12.0,6.2,32.4,109.8,0.4768,7.4,True,False,False,False,False,False,False,False,False,False,False,False,False,False,True,False,False,False,False,False,False,False,False,False,False,False,False,False,False,False,False,True
23,29,5,9,0.556,3,6,0.5,4,4,1.0,2,4,6,2,1,0,3,2,17,-7,False,240,42,93,0.452,12,32,0.375,11,13,0.846,11,31,42,27,6,2,14,15,107,-22,240,50,90,0.556,17,35,0.486,12,17,0.706,8,36,44,24,9,11,15,16,129,22,1.0,19.4,7.6,33.6,18.2,115.6,91.2,88.4,11.8,6.2,32.0,113.4,0.492,8.4,True,False,False,False,False,False,False,False,False,False,False,False,False,False,False,False,False,False,False,False,True,False,False,False,False,False,False,False,False,False,True,False
24,40,7,12,0.583,4,9,0.444,8,9,0.889,2,6,8,7,0,1,1,0,26,13,False,240,44,88,0.5,13,38,0.342,29,37,0.784,12,36,48,28,6,4,12,21,130,5,240,47,103,0.456,18,47,0.383,13,18,0.722,13,34,47,34,7,2,9,25,125,-5,8.0,19.0,7.6,36.6,20.6,117.6,92.2,87.2,11.6,7.2,33.2,111.4,0.4772,8.8,True,False,False,False,False,False,False,False,False,False,True,False,False,False,False,False,False,False,False,False,False,False,False,False,False,False,False,False,False,False,False,True
25,32,5,13,0.385,3,8,0.375,4,5,0.8,0,2,2,6,1,1,0,0,17,-9,True,240,34,84,0.405,9,28,0.321,23,26,0.885,10,26,36,20,6,3,13,14,100,-21,240,46,86,0.535,11,34,0.324,18,19,0.947,9,32,41,33,9,7,13,20,121,21,2.0,17.8,7.4,35.0,22.6,118.6,92.2,86.2,11.0,7.0,31.4,109.0,0.457,9.4,True,False,False,False,False,False,False,False,False,False,False,False,False,False,False,False,False,True,False,False,False,False,False,False,False,False,False,False,False,False,True,False
26,36,4,11,0.364,2,8,0.25,4,4,1.0,0,6,6,8,1,1,5,1,14,8,True,240,37,82,0.451,13,39,0.333,25,26,0.962,0,35,35,20,9,6,11,13,112,6,240,45,102,0.441,9,30,0.3,7,7,1.0,14,43,57,27,7,2,14,19,106,-6,2.0,16.6,7.0,35.2,23.8,115.2,94.4,86.2,10.6,5.8,33.8,110.0,0.44960000000000006,8.8,True,False,False,False,False,False,False,False,False,True,False,False,False,False,False,False,False,False,False,False,False,False,False,False,False,False,False,False,False,False,False,True
27,38,6,11,0.545,5,6,0.833,2,3,0.667,1,7,8,5,1,1,4,2,19,-1,True,240,36,78,0.462,12,32,0.375,22,26,0.846,8,29,37,23,7,2,19,17,106,-11,240,47,88,0.534,12,32,0.375,11,16,0.688,8,30,38,30,13,5,15,17,117,11,3.0,18.6,7.4,35.0,25.6,119.6,93.8,85.0,11.2,5.0,33.8,111.0,0.454,9.0,True,False,False,False,False,False,False,False,False,False,False,False,False,False,False,False,False,False,True,False,False,False,False,False,False,False,False,False,False,False,True,False
28,39,7,14,0.5,6,9,0.667,10,10,1.0,2,6,8,10,2,1,2,3,30,11,False,240,52,89,0.584,21,35,0.6,24,31,0.774,8,28,36,32,8,5,8,19,149,5,240,51,95,0.537,20,39,0.513,22,27,0.815,13,26,39,35,5,4,11,22,144,-5,2.0,21.2,8.0,37.0,29.2,122.6,94.8,84.2,12.2,6.2,34.4,119.4,0.48040000000000005,8.2,True,True,False,False,False,False,False,False,False,False,False,False,False,False,False,False,False,False,False,False,False,False,False,False,False,False,False,False,False,False,False,True
29,42,7,13,0.538,5,9,0.556,2,4,0.5,0,8,8,11,1,1,4,1,21,10,False,240,34,77,0.442,16,39,0.41,19,22,0.864,9,39,48,23,6,5,17,12,103,8,240,38,91,0.418,8,30,0.267,11,12,0.917,12,33,45,24,9,0,10,19,95,-8,1.0,20.2,8.0,37.4,26.2,116.6,92.4,82.0,12.4,5.2,34.6,114.0,0.46880000000000005,8.6,True,False,False,False,False,False,False,False,False,False,False,False,False,False,False,True,False,False,False,False,False,False,False,False,False,False,False,False,False,False,False,True
30,34,1,10,0.1,0,5,0.0,2,2,1.0,1,2,3,6,1,0,1,1,4,8,False,240,53,89,0.596,14,29,0.483,16,19,0.842,7,29,36,31,12,5,11,21,136,11,240,45,89,0.506,17,40,0.425,18,24,0.75,13,25,38,28,5,3,17,18,125,-11,2.0,17.6,7.4,37.8,24.8,117.4,93.0,83.0,11.8,4.6,34.8,121.2,0.507,7.8,True,False,False,False,False,False,False,False,False,True,False,False,False,False,False,False,False,False,False,False,False,False,False,False,False,False,False,False,False,False,False,True
31,33,7,15,0.467,5,10,0.5,6,6,1.0,1,8,9,5,2,4,2,2,25,20,False,240,47,100,0.47,12,30,0.4,19,22,0.864,18,34,52,25,9,7,8,16,125,16,240,45,97,0.464,9,29,0.31,10,15,0.667,12,33,45,19,4,10,13,19,109,-16,2.0,19.8,7.8,37.2,24.0,118.0,92.0,86.6,12.6,5.0,33.0,123.8,0.5107999999999999,7.2,True,False,False,False,False,False,False,False,False,False,False,False,False,False,False,False,False,False,False,False,False,False,False,False,False,False,False,False,False,True,False,True
32,39,3,8,0.375,2,5,0.4,3,4,0.75,0,7,7,10,1,1,3,2,11,-2,False,240,38,80,0.475,11,34,0.324,21,28,0.75,6,31,37,28,8,3,13,21,108,-10,240,42,86,0.488,13,40,0.325,21,26,0.808,11,35,46,28,6,3,13,18,118,10,2.0,18.2,7.6,37.4,24.4,118.2,91.6,87.0,12.0,5.2,33.4,124.2,0.5134000000000001,5.8,True,False,False,False,False,False,True,False,False,False,False,False,False,False,False,False,False,False,False,False,False,False,False,False,False,False,False,False,False,False,True,False
33,27,2,11,0.182,0,6,0.0,5,6,0.833,1,7,8,7,0,0,1,2,9,36,False,240,45,102,0.441,10,40,0.25,15,18,0.833,15,43,58,28,8,8,8,20,115,19,240,36,100,0.36,10,40,0.25,14,16,0.875,18,34,52,21,2,9,11,13,96,-19,2.0,14.0,7.0,35.0,21.8,108.6,92.6,89.6,11.4,4.4,34.4,117.4,0.4848,5.2,True,False,False,True,False,False,False,False,False,False,False,False,False,False,False,False,False,False,False,False,False,False,False,False,False,False,False,False,False,False,False,True
34,35,8,14,0.571,2,7,0.286,4,4,1.0,0,10,10,13,1,1,1,3,22,27,False,240,48,95,0.505,9,32,0.281,22,24,0.917,12,38,50,29,6,7,11,17,127,20,240,44,96,0.458,6,32,0.188,13,22,0.591,15,30,45,26,6,3,11,18,107,-20,1.0,14.2,6.6,33.6,22.2,111.0,93.6,93.2,11.6,4.4,33.0,122.2,0.4974,4.6,True,False,False,False,False,False,False,False,False,False,False,False,False,False,False,False,False,False,False,False,False,False,False,False,False,False,False,True,False,False,False,True
35,39,8,17,0.471,4,8,0.5,3,5,0.6,1,1,2,10,1,1,1,3,23,10,True,240,52,88,0.591,14,27,0.519,9,12,0.75,6,30,36,33,8,5,15,17,127,11,240,45,92,0.489,11,32,0.344,15,22,0.682,13,28,41,27,9,8,15,15,116,-11,3.0,18.0,7.2,34.6,20.8,109.2,94.2,93.0,13.0,5.0,32.6,120.4,0.49640000000000006,5.4,True,False,False,False,False,False,False,False,False,False,False,False,False,True,False,False,False,False,False,False,False,False,False,False,False,False,False,False,False,False,False,True
36,38,6,11,0.545,3,6,0.5,9,9,1.0,0,5,5,10,2,1,4,2,24,9,True,240,42,83,0.506,13,26,0.5,28,33,0.848,8,37,45,26,6,5,11,18,125,11,240,44,90,0.489,14,39,0.359,12,16,0.75,6,30,36,29,6,5,13,21,114,-11,2.0,17.8,6.4,35.6,23.0,110.2,92.8,89.6,12.2,5.6,31.8,120.4,0.5036,5.8,True,False,True,False,False,False,False,False,False,False,False,False,False,False,False,False,False,False,False,False,False,False,False,False,False,False,False,False,False,False,False,True
37,41,5,14,0.357,4,10,0.4,2,2,1.0,0,5,5,8,0,1,1,2,16,8,True,240,47,87,0.54,20,43,0.465,14,23,0.609,12,27,39,30,5,10,10,18,128,11,240,42,83,0.506,16,34,0.471,17,20,0.85,9,26,35,30,5,5,12,19,117,-11,5.0,18.8,7.4,36.0,22.0,110.0,92.2,91.0,13.4,5.2,33.6,124.4,0.5166000000000001,5.6,True,False,False,False,False,False,False,False,False,False,False,False,False,False,False,False,False,False,False,False,True,False,False,False,False,False,False,False,False,False,False,True
38,36,4,14,0.286,2,9,0.222,4,5,0.8,0,1,1,8,2,2,4,3,14,-3,False,240,36,83,0.434,17,39,0.436,16,18,0.889,7,27,34,28,9,4,11,24,105,-4,240,38,67,0.567,13,26,0.5,20,31,0.645,6,35,41,25,8,5,19,23,109,4,2.0,19.8,8.0,37.8,22.0,112.6,85.6,87.2,14.0,5.0,33.4,122.4,0.5152,6.8,True,False,False,False,False,False,False,False,False,False,False,False,False,False,False,False,False,True,False,False,False,False,False,False,False,False,False,False,False,False,True,False
39,28,3,7,0.429,2,4,0.5,3,3,1.0,0,1,1,9,1,0,3,0,11,20,False,240,49,89,0.551,15,31,0.484,15,20,0.75,11,32,43,22,9,7,12,16,128,9,240,41,95,0.432,18,44,0.409,19,27,0.704,17,29,46,30,5,4,9,21,119,-9,2.0,17.6,7.4,36.4,21.2,115.0,85.4,86.0,12.6,4.8,33.2,122.6,0.5244,6.6,True,False,False,False,False,False,False,False,False,False,False,False,False,False,True,False,False,False,False,False,False,False,False,False,False,False,False,False,False,False,False,True
40,34,5,13,0.385,2,7,0.286,2,2,1.0,0,5,5,11,1,0,3,4,14,8,True,240,49,93,0.527,15,34,0.441,13,13,1.0,11,25,36,34,6,5,7,17,126,6,240,46,84,0.548,12,30,0.4,16,18,0.889,7,30,37,31,4,2,15,17,120,-6,2.0,15.8,7.2,35.4,21.4,115.8,83.8,87.0,11.8,4.2,34.6,122.4,0.5115999999999999,5.6,True,False,False,False,False,False,False,False,False,False,False,False,False,False,False,False,False,False,False,False,False,False,False,False,False,False,False,True,False,False,False,True
41,30,6,8,0.75,3,4,0.75,4,4,1.0,0,7,7,10,0,0,3,1,19,25,True,240,53,85,0.624,15,29,0.517,17,23,0.739,11,33,44,32,11,3,14,21,138,27,240,38,77,0.494,10,30,0.333,25,29,0.862,5,20,25,17,6,4,14,20,111,-27,2.0,14.8,6.8,33.8,19.4,115.2,81.2,87.4,11.2,3.2,35.2,125.0,0.5352,5.6,True,False,False,False,False,False,False,False,False,False,False,False,False,False,False,False,False,False,False,False,False,False,False,True,False,False,False,False,False,False,False,True
42,39,4,13,0.308,3,7,0.429,4,5,0.8,2,2,4,9,1,0,5,3,15,-1,False,240,36,91,0.396,14,37,0.378,17,19,0.895,13,27,40,21,12,5,16,19,103,-3,240,42,82,0.512,11,29,0.379,11,16,0.688,8,32,40,23,9,6,19,11,106,3,1.0,14.6,6.2,33.4,18.6,113.0,81.0,88.2,11.0,3.8,34.0,120.0,0.5064,6.4,True,False,False,False,False,False,False,False,False,False,False,False,False,True,False,False,False,False,False,False,False,False,False,False,False,False,False,False,False,False,True,False
43,29,2,7,0.286,1,6,0.167,3,3,1.0,0,3,3,13,0,0,1,2,8,18,False,240,40,82,0.488,15,36,0.417,16,20,0.8,10,40,50,28,6,7,15,18,111,16,240,33,92,0.359,12,29,0.414,17,23,0.739,14,29,43,22,9,5,9,17,95,-16,2.0,13.4,5.6,32.0,19.0,110.2,86.0,88.0,9.6,3.4,33.4,121.2,0.5172,6.6,True,False,False,False,False,False,False,False,False,False,False,False,False,False,False,False,False,False,True,False,False,False,False,False,False,False,False,False,False,False,False,True
44,36,7,13,0.538,4,7,0.571,4,4,1.0,0,5,5,11,0,1,4,2,22,1,False,240,42,76,0.553,18,34,0.529,29,32,0.906,10,26,36,25,9,5,14,18,131,9,240,42,79,0.532,15,35,0.429,23,26,0.885,10,22,32,23,9,2,17,23,122,-9,2.0,15.6,6.2,33.6,21.4,110.8,82.8,85.4,10.8,3.6,34.0,121.8,0.5176000000000001,7.4,True,False,False,False,False,False,False,False,False,False,False,False,False,False,False,False,False,False,False,False,False,False,False,True,False,False,False,False,False,False,False,True
45,31,5,8,0.625,3,5,0.6,2,2,1.0,0,4,4,10,1,2,2,1,15,26,True,240,47,80,0.588,14,29,0.483,13,14,0.929,6,31,37,25,10,3,17,20,121,17,240,35,83,0.422,11,34,0.324,23,29,0.793,12,23,35,24,7,3,14,17,104,-17,2.0,15.8,5.8,33.0,21.6,107.6,82.6,82.8,9.8,3.6,33.0,120.8,0.5298,8.0,True,False,False,False,False,False,False,False,False,False,False,False,False,False,False,True,False,False,False,False,False,False,False,False,False,False,False,False,False,False,False,True
46,44,4,13,0.308,2,9,0.222,6,8,0.75,0,4,4,13,0,3,5,1,16,16,True,240,43,87,0.494,11,39,0.282,20,25,0.8,11,43,54,28,3,6,18,19,117,11,240,38,87,0.437,13,40,0.325,17,20,0.85,3,30,33,29,10,4,12,22,106,-11,3.0,15.2,6.8,35.8,22.0,106.6,84.6,83.2,10.8,4.4,35.0,116.6,0.5038,8.8,True,False,False,False,False,False,False,False,False,False,False,False,False,False,True,False,False,False,False,False,False,False,False,False,False,False,False,False,False,False,False,True
47,40,8,16,0.5,6,12,0.5,7,8,0.875,0,6,6,8,2,1,4,2,29,20,True,240,40,85,0.471,14,34,0.412,19,25,0.76,11,34,45,24,7,3,13,14,113,9,240,43,93,0.462,6,29,0.207,12,16,0.75,8,34,42,31,8,6,11,23,104,-9,3.0,18.0,7.8,36.0,23.2,106.2,86.8,82.0,11.4,5.0,34.4,118.6,0.5188,8.6,True,False,False,False,True,False,False,False,False,False,False,False,False,False,False,False,False,False,False,False,False,False,False,False,False,False,False,False,False,False,False,True
48,29,6,13,0.462,2,5,0.4,0,0,0.0,0,4,4,9,1,0,4,4,14,-34,True,240,41,89,0.461,11,34,0.324,15,15,1.0,9,25,34,25,4,4,11,24,108,-37,240,49,94,0.521,25,53,0.472,22,28,0.786,15,36,51,33,4,5,10,19,145,37,3.0,19.2,7.6,36.0,22.2,116.2,87.2,83.4,12.6,4.4,34.0,118.0,0.5134000000000001,7.6,True,False,False,True,False,False,False,False,False,False,False,False,False,False,False,False,False,False,False,False,False,False,False,False,False,False,False,False,False,False,True,False
49,34,7,18,0.389,4,9,0.444,5,6,0.833,2,7,9,6,3,1,3,1,23,-17,False,240,44,93,0.473,17,43,0.395,10,12,0.833,12,28,40,23,9,5,16,18,115,-19,240,51,87,0.586,16,34,0.471,16,18,0.889,6,32,38,35,9,5,12,11,134,19,2.0,19.4,8.0,35.6,18.2,118.6,88.8,86.8,13.6,4.8,35.8,114.8,0.4974,7.6,True,False,False,False,False,False,False,False,False,False,False,False,False,False,False,False,False,False,False,False,True,False,False,False,False,False,False,False,False,False,True,False
50,39,4,12,0.333,2,8,0.25,7,8,0.875,0,5,5,11,0,2,4,3,17,10,False,240,43,77,0.558,11,31,0.355,23,25,0.92,7,37,44,27,6,4,14,22,120,9,240,39,91,0.429,14,43,0.326,19,27,0.704,13,23,36,23,8,3,8,19,111,-9,1.0,19.8,8.6,37.2,20.4,120.0,90.4,86.2,14.4,6.0,36.2,114.6,0.49139999999999995,7.8,True,False,False,False,False,False,False,True,False,False,False,False,False,False,False,False,False,False,False,False,False,False,False,False,False,False,False,False,False,False,False,True
51,28,12,16,0.75,8,11,0.727,3,3,1.0,0,3,3,9,1,1,1,2,35,32,False,240,56,98,0.571,19,38,0.5,20,23,0.87,14,32,46,26,4,9,11,19,151,24,240,49,95,0.516,12,33,0.364,17,21,0.81,11,23,34,38,6,7,11,21,127,-24,2.0,23.6,9.0,34.0,20.0,124.2,92.0,88.4,15.0,5.0,36.0,121.4,0.5067999999999999,7.0,True,False,False,False,False,False,False,False,False,False,False,False,True,False,False,False,False,False,False,False,False,False,False,False,False,False,False,False,False,False,False,True
52,28,2,6,0.333,1,4,0.25,5,7,0.714,0,4,4,12,1,2,1,3,10,22,True,240,50,88,0.568,16,33,0.485,28,34,0.824,8,34,42,36,8,6,9,21,144,22,240,44,94,0.468,11,35,0.314,23,26,0.885,12,27,39,20,7,4,10,22,122,-22,2.0,19.8,7.4,31.6,21.8,127.8,92.2,89.0,13.0,4.8,35.8,127.6,0.5262,6.8,True,False,False,False,False,False,False,False,False,False,False,False,False,False,False,False,False,False,False,True,False,False,False,False,False,False,False,False,False,False,False,True
53,42,6,12,0.5,5,6,0.833,11,12,0.917,2,5,7,15,1,4,4,3,28,12,True,240,41,81,0.506,13,32,0.406,26,30,0.867,10,30,40,27,6,9,14,20,121,8,240,40,92,0.435,16,45,0.356,17,19,0.895,16,27,43,22,8,2,13,24,113,-8,2.0,22.6,7.6,34.2,24.8,121.4,91.8,87.4,12.8,7.2,35.4,130.2,0.5351999999999999,7.6,True,False,False,False,False,False,False,False,False,False,True,False,False,False,False,False,False,False,False,False,False,False,False,False,False,False,False,False,False,False,False,True
54,28,4,9,0.444,0,4,0.0,7,7,1.0,0,6,6,7,2,0,2,3,15,26,True,240,44,84,0.524,11,29,0.379,20,21,0.952,6,43,49,21,7,2,17,17,119,20,240,36,86,0.419,10,37,0.27,17,24,0.708,7,31,38,27,8,2,14,19,99,-20,2.0,21.0,6.6,33.0,26.6,114.4,91.6,85.6,11.0,7.4,32.6,131.0,0.5454,7.4,True,False,False,False,False,False,False,False,False,False,False,False,False,False,False,False,False,False,False,False,False,False,False,False,False,True,False,False,False,False,False,True
55,37,7,14,0.5,3,6,0.5,3,3,1.0,0,7,7,7,1,2,3,2,20,3,True,240,49,89,0.551,13,34,0.382,21,22,0.955,9,26,35,33,7,9,9,20,132,5,240,43,90,0.478,19,40,0.475,22,26,0.846,11,25,36,25,5,4,12,21,127,-5,1.0,21.6,6.2,32.6,26.0,117.6,91.4,88.0,11.4,6.4,33.2,133.4,0.5439999999999999,6.8,True,False,False,False,False,False,False,False,False,False,False,False,False,False,False,False,False,False,False,False,False,False,False,False,True,False,False,False,False,False,False,True
56,34,2,8,0.25,2,6,0.333,6,7,0.857,0,7,7,8,0,1,2,2,12,18,False,240,43,88,0.489,15,34,0.441,16,21,0.762,11,29,40,23,8,9,14,18,117,14,240,38,84,0.452,9,31,0.29,18,24,0.75,8,32,40,23,10,10,16,17,103,-14,3.0,17.0,5.2,33.8,25.6,112.8,89.2,86.0,9.8,7.2,32.4,126.6,0.5276,7.6,True,False,False,False,False,False,False,False,False,False,False,False,False,False,False,False,False,False,False,False,False,False,False,False,False,False,False,False,True,False,False,True
57,32,6,10,0.6,2,3,0.667,6,7,0.857,0,1,1,11,3,1,4,0,20,6,True,240,40,87,0.46,12,27,0.444,19,25,0.76,13,38,51,21,7,9,11,14,111,9,240,41,98,0.418,12,31,0.387,8,9,0.889,14,32,46,29,7,5,11,20,102,-9,2.0,19.0,5.0,34.6,23.8,108.8,90.0,85.8,10.6,7.2,31.2,120.0,0.506,7.6,True,False,False,False,False,False,False,False,True,False,False,False,False,False,False,False,False,False,False,False,False,False,False,False,False,False,False,False,False,False,False,True
58,35,7,14,0.5,2,7,0.286,5,5,1.0,0,5,5,9,1,0,1,4,21,0,True,240,44,90,0.489,13,39,0.333,12,14,0.857,5,35,40,31,5,6,11,21,113,1,240,38,86,0.442,17,43,0.395,19,24,0.792,6,36,42,31,5,4,15,15,112,-1,4.0,17.6,5.2,33.2,20.6,108.6,88.8,87.6,11.0,5.8,32.6,118.4,0.5026,7.0,True,False,False,False,False,False,False,False,False,False,True,False,False,False,False,False,False,False,False,False,False,False,False,False,False,False,False,False,False,False,False,True
59,37,6,13,0.462,5,10,0.5,1,2,0.5,0,3,3,7,1,0,1,3,18,-1,False,240,42,95,0.442,12,32,0.375,18,24,0.75,15,28,43,26,5,1,6,21,114,-6,240,41,82,0.5,15,39,0.385,23,31,0.742,10,37,47,30,3,4,9,18,120,6,2.0,18.2,6.4,35.0,21.2,112.8,88.0,89.8,11.8,4.8,33.2,117.4,0.4862,6.0,True,False,False,False,False,False,False,False,False,False,True,False,False,False,False,False,False,False,False,False,False,False,False,False,False,False,False,False,False,False,True,False
60,39,8,14,0.571,5,8,0.625,5,5,1.0,1,2,3,6,5,0,2,4,26,19,False,240,50,93,0.538,14,28,0.5,17,22,0.773,8,29,37,28,8,5,7,20,131,14,240,40,86,0.465,13,41,0.317,24,28,0.857,13,34,47,22,1,1,14,20,117,-14,1.0,19.4,6.8,35.4,21.2,110.8,87.2,90.6,11.8,5.2,32.0,117.2,0.48360000000000003,5.2,True,False,False,False,False,False,False,False,False,False,False,False,False,False,False,False,False,False,False,False,False,False,False,False,False,True,False,False,False,False,False,True
61,36,3,7,0.429,3,5,0.6,2,2,1.0,0,2,2,4,1,0,3,3,11,6,True,240,35,85,0.412,6,20,0.3,28,34,0.824,16,33,49,18,6,9,13,23,104,-9,240,44,92,0.478,10,22,0.455,15,28,0.536,18,34,52,28,8,6,11,22,113,9,2.0,19.2,6.6,35.8,23.8,112.8,88.8,90.0,11.6,4.2,29.2,114.6,0.46820000000000006,4.8,True,False,False,False,False,False,False,False,True,False,False,False,False,False,False,False,False,False,False,False,False,False,False,False,False,False,False,False,False,False,True,False
62,28,2,8,0.25,2,6,0.333,2,2,1.0,0,4,4,7,1,2,2,1,8,14,True,240,38,88,0.432,8,29,0.276,23,31,0.742,17,40,57,25,2,6,13,16,107,19,240,34,91,0.374,9,38,0.237,11,14,0.786,10,27,37,17,6,5,9,24,88,-19,2.0,16.8,7.2,35.0,25.0,110.0,87.4,90.2,11.2,3.2,29.6,113.8,0.46259999999999996,4.6,True,False,False,False,False,False,False,True,False,False,False,False,False,False,False,False,False,False,False,False,False,False,False,False,False,False,False,False,False,False,False,True
63,37,2,8,0.25,1,6,0.167,3,6,0.5,0,5,5,10,4,1,3,3,8,-6,True,240,42,92,0.457,11,37,0.297,11,17,0.647,8,31,39,27,11,8,11,24,106,-10,240,43,88,0.489,10,24,0.417,20,27,0.741,12,38,50,26,6,5,15,19,116,10,1.0,14.2,7.0,35.4,25.6,110.8,87.8,90.6,10.0,3.4,29.2,112.4,0.45620000000000005,4.8,True,False,False,False,False,False,False,False,False,False,False,False,False,False,False,False,False,False,True,False,False,False,False,False,False,False,False,False,False,False,True,False
64,36,3,7,0.429,2,4,0.5,8,12,0.667,0,6,6,9,1,1,4,3,16,-2,False,240,39,85,0.459,9,28,0.321,22,29,0.759,11,39,50,29,10,3,16,23,109,7,240,35,91,0.385,11,38,0.289,21,23,0.913,10,34,44,26,8,6,14,24,102,-7,2.0,13.8,5.8,35.2,26.6,107.2,89.6,88.6,8.8,5.4,28.4,111.4,0.4596,5.8,True,False,False,False,False,False,False,False,False,False,False,False,False,False,False,False,False,False,False,False,False,False,False,False,False,False,True,False,False,False,False,True
65,28,4,12,0.333,2,8,0.25,3,3,1.0,1,2,3,10,2,0,0,2,13,17,False,240,45,95,0.474,12,36,0.333,22,25,0.88,10,41,51,30,15,3,7,10,124,25,240,39,90,0.433,10,38,0.263,11,14,0.786,13,36,49,23,4,7,16,17,99,-25,2.0,11.2,5.8,33.0,27.2,103.6,90.4,89.0,8.4,5.0,30.0,110.0,0.4468,6.4,True,False,False,False,False,False,False,False,False,False,False,False,False,False,False,False,False,False,False,False,False,False,False,False,False,False,True,False,False,False,False,True
66,34,8,11,0.727,2,4,0.5,6,7,0.857,1,8,9,7,0,1,3,1,24,21,True,240,36,83,0.434,13,34,0.382,21,30,0.7,8,39,47,22,10,7,14,19,106,6,240,38,88,0.432,10,31,0.323,14,20,0.7,12,35,47,24,6,5,17,28,100,-6,3.0,13.8,5.6,32.6,26.4,101.0,89.6,88.6,9.2,6.0,32.8,110.4,0.45119999999999993,6.0,True,False,False,False,False,False,False,False,False,False,False,True,False,False,False,False,False,False,False,False,False,False,False,False,False,False,False,False,False,False,False,True
67,35,7,15,0.467,3,8,0.375,4,4,1.0,0,2,2,4,0,0,1,3,21,-3,False,240,37,86,0.43,13,29,0.448,21,24,0.875,14,28,42,21,10,1,11,24,108,-3,240,39,73,0.534,8,23,0.348,25,32,0.781,6,30,36,26,4,2,14,19,111,3,3.0,16.4,6.0,34.0,25.0,105.6,86.0,88.2,10.6,6.4,32.8,110.6,0.4508,5.6,True,False,False,False,False,False,False,False,True,False,False,False,False,False,False,False,False,False,False,False,False,False,False,False,False,False,False,False,False,False,True,False
68,29,4,12,0.333,1,7,0.143,2,2,1.0,2,2,4,3,1,1,1,0,11,-28,True,240,37,85,0.435,12,34,0.353,15,23,0.652,8,33,41,26,9,3,16,23,101,-4,240,37,88,0.42,13,41,0.317,18,24,0.75,11,30,41,25,7,6,16,23,105,4,2.0,17.0,6.2,32.4,26.2,103.4,86.0,86.8,11.4,5.6,32.2,109.6,0.44639999999999996,5.8,True,False,False,False,False,False,False,False,False,False,False,False,False,False,True,False,False,False,False,False,False,False,False,False,False,False,False,False,False,False,True,False
69,29,3,6,0.5,2,3,0.667,6,6,1.0,0,5,5,3,2,0,2,0,14,-6,False,240,43,88,0.489,8,27,0.296,32,36,0.889,19,28,47,21,7,2,14,27,126,-18,240,51,98,0.52,19,42,0.452,23,26,0.885,15,26,41,30,7,1,9,23,144,18,2.0,16.6,6.0,31.0,27.6,111.8,87.4,87.4,11.2,4.4,32.0,113.0,0.4524,5.6,True,False,False,False,False,False,False,True,False,False,False,False,False,False,False,False,False,False,False,False,False,False,False,False,False,False,False,False,False,False,True,False
70,36,4,9,0.444,2,5,0.4,2,2,1.0,0,8,8,5,2,0,5,0,12,-15,False,240,36,91,0.396,8,36,0.222,13,13,1.0,11,40,51,22,10,8,16,15,93,-7,240,37,92,0.402,15,41,0.366,11,13,0.846,14,35,49,22,10,10,14,14,100,7,2.0,16.4,5.4,32.6,25.2,112.0,87.8,86.6,10.6,4.2,32.0,106.8,0.4368,6.8,True,False,True,False,False,False,False,False,False,False,False,False,False,False,False,False,False,False,False,False,False,False,False,False,False,False,False,False,False,False,True,False
71,31,6,9,0.667,2,4,0.5,3,3,1.0,0,3,3,6,1,0,2,2,17,-18,False,240,36,73,0.493,11,32,0.344,14,16,0.875,7,24,31,21,8,3,22,15,97,-14,240,41,88,0.466,12,31,0.387,17,18,0.944,18,30,48,28,13,1,20,13,111,14,2.0,15.0,5.4,32.0,22.4,114.2,87.8,84.6,10.2,3.4,31.6,105.0,0.4486,8.2,True,False,False,False,False,False,False,False,False,False,False,False,False,False,False,False,False,False,False,True,False,False,False,False,False,False,False,False,False,False,True,False
